{
  "IcoMoonType": "selection",
  "icons": [
    {
      "icon": {
        "paths": [
          "M704 640c-64 64-64 128-128 128s-128-64-192-128-128-128-128-192 64-64 128-128-128-256-192-256-192 192-192 192c0 128 131.5 387.5 256 512s384 256 512 256c0 0 192-128 192-192s-192-256-256-192z"
        ],
        "tags": [
          "phone",
          "telephone",
          "contact",
          "support",
          "call"
        ],
        "defaultCode": 59714,
        "grid": 16,
        "attrs": []
      },
      "attrs": [],
      "properties": {
        "ligatures": "phone, telephone",
        "name": "phone",
        "order": 9,
        "id": 67,
        "prevSize": 32
      },
      "setIdx": 0,
      "setId": 1,
      "iconIdx": 66
    },
    {
      "icon": {
        "paths": [
          "M1009.996 828.976l-301.544-301.544c-18.668-18.668-49.214-18.668-67.882 0l-22.626 22.626-184-184 302.056-302.058h-320l-142.058 142.058-14.060-14.058h-67.882v67.882l14.058 14.058-206.058 206.060 160 160 206.058-206.058 184 184-22.626 22.626c-18.668 18.668-18.668 49.214 0 67.882l301.544 301.544c18.668 18.668 49.214 18.668 67.882 0l113.136-113.136c18.67-18.666 18.67-49.214 0.002-67.882z"
        ],
        "tags": [
          "hammer",
          "tool",
          "fix",
          "make",
          "generate",
          "work",
          "build"
        ],
        "defaultCode": 59798,
        "grid": 16,
        "attrs": []
      },
      "attrs": [],
      "properties": {
        "ligatures": "hammer, tool2",
        "name": "hammer",
        "order": 8,
        "id": 151,
        "prevSize": 32
      },
      "setIdx": 0,
      "setId": 1,
      "iconIdx": 150
    },
    {
      "icon": {
        "paths": [
          "M1024 397.050l-353.78-51.408-158.22-320.582-158.216 320.582-353.784 51.408 256 249.538-60.432 352.352 316.432-166.358 316.432 166.358-60.434-352.352 256.002-249.538z"
        ],
        "tags": [
          "star-full",
          "rate",
          "star",
          "favorite",
          "bookmark"
        ],
        "defaultCode": 59865,
        "grid": 16,
        "attrs": []
      },
      "attrs": [],
      "properties": {
        "ligatures": "star-full, rate3",
        "name": "star-full",
        "order": 10,
        "id": 218,
        "prevSize": 32
      },
      "setIdx": 0,
      "setId": 1,
      "iconIdx": 217
    }
  ],
  "height": 1024,
  "preferences": {
    "showGlyphs": true,
    "showQuickUse": true,
    "showQuickUse2": true,
    "showSVGs": true,
    "fontPref": {
      "prefix": "icon-",
      "metadata": {
        "fontFamily": "icomoon"
      },
      "metrics": {
        "emSize": 1024,
        "baseline": 6.25,
        "whitespace": 50
      },
      "embed": false
    },
    "imagePref": {
      "prefix": "icon-",
      "png": true,
      "useClassSelector": true,
      "color": 1644825,
      "bgColor": 16777215,
      "classSelector": ".icon",
      "name": "icomoon",
      "height": 32,
      "columns": 16,
      "margin": 16,
      "sprite": false,
      "addBgColor": false,
      "addTitleTags": true,
      "overrideSize": false
    },
    "historySize": 50,
    "showCodes": true,
    "gridSize": 16
  }
}